question_id,model_name,category,question,cited_section,gold_section_norm,output
q001,claude-opus-4-8,numeric,"What section of the 2023 Florida Building Code, Building, governs the width and capacity of corridors used as a means of egress?",10,1020.2,"I don't have reliable, specific knowledge of the exact section numbering in the 2023 Florida Building Code, Building, that governs corridor width and egress capacity, so I don't want to state a section number that might be incorrect.

That said, I can offer some helpful general guidance:

**Where to look**

- The Florida Building Code, Building (FBC-B) is based on the **International Building Code (IBC)**, so its numbering generally mirrors the IBC.
- In the IBC (and typically the FBC-B), **Chapter 10 â€“ Means of Egress** is the relevant chapter.
- Within Chapter 10:
  - **Section 1005** typically covers **Means of Egress Sizing** (including egress capacity/width calculations based on occupant load).
  - **Section 1020** typically covers **Corridors** (including minimum corridor width and fire-resistance requirements).

So corridor-specific width requirements are usually in the **1020** range, while general egress capacity calculations (which apply to corridors) are in the **1005** range.

**Recommendation:** To confirm the exact section citations for the 2023 edition, consult the official code text directly. The Florida Building Code is available online through the **Florida Building Commission** / the code publisher (often accessible via UpCodes or the ICC Digital Codes library). I'd recommend verifying the specific section numbers there before relying on them for permitting, design, or compliance purposes."
q001,claude-opus-4-8,numeric,"What section of the 2023 Florida Building Code, Building, governs the width and capacity of corridors used as a means of egress?",10,1020.2,"I don't have reliable, specific knowledge of the exact section numbering in the 2023 Florida Building Code, Building, that governs corridor width and egress capacity, so I don't want to give you a citation that could be incorrect.

That said, I can offer some general guidance:

- The Florida Building Code, Building (FBC-B) is based on the **International Building Code (IBC)**, and Florida typically maintains the IBC's chapter and section structure.

- In the IBC, **means of egress** provisions are found in **Chapter 10**. Within that chapter:
  - **Corridors** are generally addressed in a section numbered around **Section 1020** (this shifted between editionsâ€”it was 1018 in older editions).
  - **Egress width/capacity** determinations (including the capacity factors per occupant) are addressed in **Section 1005 (Means of Egress Sizing)**.

So corridor **minimum width and capacity** would typically involve both:
- The general egress **capacity/width** provisions (around Section 1005), and
- The specific **corridor** provisions (around Section 1020).

**My recommendation:** Because section numbers can shift between code editions and Florida sometimes makes amendments, verify the exact citation directly in the official 2023 FBC-B, Chapter 10. You can access it through the **Florida Building Commission / Florida Building Code website** or via UpCodes or the ICC Digital Codes library.

Would you like me to explain the general egress width and capacity requirements themselves (e.g., minimum corridor widths and how capacity is calculated)?"
q001,claude-opus-4-8,numeric,"What section of the 2023 Florida Building Code, Building, governs the width and capacity of corridors used as a means of egress?",10,1020.2,"I don't have the specific section numbers of the 2023 Florida Building Code, Building memorized with enough confidence to give you a definitive citation.

That said, here's what I can tell you about how this is typically organized, which may help point you in the right direction:

- **Means of egress requirements** in the Florida Building Code, Building are generally found in **Chapter 10 (Means of Egress)**, which is based on the International Building Code (IBC).

- **Corridors** specifically tend to be addressed in a section commonly numbered around **Section 1020 (Corridors)** in IBC-based codes, which covers corridor width, capacity, continuity, and fire-resistance ratings.

- **Egress width and capacity** calculations more broadly are often covered in a section like **Section 1005 (Means of Egress Sizing)**.

However, I'd caution you against relying on my section numbers without verification, because:
1. Florida amends the IBC, so numbering and provisions can differ.
2. Section numbers can shift between code editions.

**To get an authoritative answer**, I'd recommend:
- Accessing the official code text through the **Florida Building Commission** or the **ICC Digital Codes** website (codes.iccsafe.org), where the 2023 Florida Building Code is published.
- Consulting a **licensed Florida architect or engineer**, or your local building department, especially if this is for permitting or compliance purposes.

Would you like me to explain the general concepts of corridor egress sizing so you know what to look for when you find the relevant section?"
q004,claude-opus-4-8,numeric,"What is the means-of-egress capacity factor per occupant for components other than stairways in sprinklered buildings with an emergency voice/alarm communication system, per the 2023 FBC?",903.3.1.1,1005.3.2,"Per the 2023 Florida Building Code, for means of egress components **other than stairways** (such as level components like doors, ramps, corridors, and horizontal exits), the capacity factor is:

**0.15 inches per occupant** (for other egress components, in buildings equipped throughout with an automatic sprinkler system and an approved emergency voice/alarm communication system).

This reduced factor is permitted under the provisions that allow the use of lower egress width factors when the building has both an automatic sprinkler system installed in accordance with Section 903.3.1.1 (or 903.3.1.2) **and** an emergency voice/alarm communication system in accordance with Section 907.5.2.2.

For comparison, the **stairway** capacity factor under these same conditions is **0.2 inches per occupant**.

Note: I'd recommend verifying against the specific edition text of Table 1005.3.1/1005.3.2 in the 2023 FBC, as exact section references and conditions should be confirmed directly in the code."
q006,claude-opus-4-8,numeric,"What section of the 2023 Florida Building Code, Building, governs wind loads, and which standard does it reference for detailed calculation?",16,1609,"In the 2023 Florida Building Code, Building (8th Edition), wind loads are governed by **Section 1609 (Wind Loads)** within **Chapter 16 (Structural Design)**.

For detailed calculation of wind loads, Section 1609 references **ASCE 7 (Minimum Design Loads and Associated Criteria for Buildings and Other Structures)**, specifically the **ASCE 7-22** edition, which is the standard referenced in the 2023 code cycle.

A few additional points worth noting:
- Section 1609 provides Florida-specific provisions, including ultimate design wind speed maps (Figures 1609.3, etc.) and requirements tied to high-velocity hurricane zones (HVHZ) and windborne debris regions.
- The code permits alternative methods, such as the wind provisions in the **ICC 600 (Standard for Residential Construction in High-Wind Regions)** or **AAMA/WDMA/CSA** standards for certain components, but ASCE 7 is the primary referenced standard for the analytical procedures.

If you're working on a specific project, I'd recommend verifying the exact edition and any local amendments, since Florida sometimes adopts modifications beyond the base code."
q006,claude-opus-4-8,numeric,"What section of the 2023 Florida Building Code, Building, governs wind loads, and which standard does it reference for detailed calculation?",1609.1.1,1609,"In the 2023 Florida Building Code, Building (8th Edition), wind loads are primarily governed by **Chapter 16 â€“ Structural Design**, specifically **Section 1609 â€“ Wind Loads**.

For detailed wind load calculations, Section 1609 references **ASCE 7 (Minimum Design Loads and Associated Criteria for Buildings and Other Structures)**. The 2023 FBC edition references **ASCE 7-22**.

A few additional points worth noting:

- **Section 1609.1.1** establishes ASCE 7 as the standard for determining wind loads, with certain exceptions (for example, alternative methods like the wind provisions of the ICC-600 Standard for Residential Construction in High-Wind Regions, or AWC's Wood Frame Construction Manual, may be permitted for specific applications).
- **Section 1609.3** addresses basic (ultimate) design wind speeds and includes wind speed maps applicable to Florida, which has some of the most stringent wind design requirements in the U.S. due to hurricane exposure.
- Florida also has special provisions for the **High-Velocity Hurricane Zone (HVHZ)**â€”which covers Miami-Dade and Broward countiesâ€”found in later sections of the code (e.g., the 1620 series and related HVHZ-specific chapters), which impose additional requirements beyond the base ASCE 7 provisions.

Because code editions and adopted standard versions can be updated, I'd recommend verifying the exact referenced ASCE 7 edition against the official published FBC text for your specific project, as this affects load calculations and compliance."
q006,claude-opus-4-8,numeric,"What section of the 2023 Florida Building Code, Building, governs wind loads, and which standard does it reference for detailed calculation?",1609.1.1,1609,"In the **2023 Florida Building Code, Building (8th Edition)**, wind loads are governed by:

## Chapter 16 â€“ Structural Design

Specifically, **Section 1609 â€“ Wind Loads** is the section that addresses wind load requirements.

## Referenced Standard

Section 1609 references **ASCE 7** (*Minimum Design Loads and Associated Criteria for Buildings and Other Structures*) for detailed wind load calculation methodology. The edition referenced by the 2023 Florida Building Code (which is based on the 2021 International Building Code) is **ASCE 7-22**.

## Key Points

- **Section 1609.1.1** directs the user to ASCE 7 for determining wind loads, with certain exceptions (such as the simplified provisions for specific building types).
- Florida includes important **state-specific amendments**, particularly for **High-Velocity Hurricane Zones (HVHZ)** â€” which cover **Miami-Dade and Broward counties** â€” where additional and more stringent requirements apply.
- The code also incorporates **wind speed maps** (Figures 1609.3) and provisions for **windborne debris regions** and **wind design regions**, which are critical given Florida's hurricane exposure.

## Practical Note

Because interpretation of these provisionsâ€”especially in HVHZ areasâ€”can be complex, it's always advisable to verify against the **exact current adopted text** and any local amendments, as building codes are periodically updated and local jurisdictions may impose additional requirements."
q007,claude-opus-4-8,numeric,"How is the ultimate design wind speed (Vult) for Risk Category II buildings determined under the 2023 Florida Building Code, Building?",1609.3.1,1609.3,"# Ultimate Design Wind Speed (Vult) for Risk Category II Buildings â€” 2023 Florida Building Code

Under the **2023 Florida Building Code, Building (8th Edition)**, the ultimate design wind speed (Vult) is determined as follows:

## Primary Method â€” Wind Speed Maps

The basic (ultimate) design wind speed is obtained from the **wind speed maps** referenced in the code. For Risk Category II buildings specifically, this is found in:

- **Figure 1609.3(1)** of the Florida Building Code, Building, which provides the basic design wind speeds for **Risk Category II** buildings and structures.

These are **ultimate design wind speeds (Vult)** expressed as **3-second gust wind speeds** in miles per hour at 33 feet (10 m) above ground in **Exposure Category C**.

## Key Characteristics

- **Wind speeds are mapped values** specific to geographic location (Florida has detailed maps due to hurricane exposure, including contour lines and specific values for coastal and inland areas).
- The maps correspond to those in **ASCE 7-22** (the referenced standard in the 2023 FBC), which are risk-consistent, incorporating the appropriate reliability/probability of exceedance for each risk category.
- For Risk Category II, the maps are associated with an approximate **7% probability of exceedance in 50 years** (roughly a 700-year mean recurrence interval).

## Relationship to Nominal (Service-Level) Speeds

If the nominal design wind speed (Vasd) is needed (for older/allowable stress design methods), it can be converted using:

$$V_{asd} = V_{ult}\sqrt{0.6}$$

as given in **Section 1609.3.1**.

## Wind-Borne Debris Regions

Note that determination of wind-borne debris regions and other provisions also reference these wind speed values, which affects design requirements for openings, glazing protection, etc.

---

**Would you like me to clarify** the specific figure numbers for other risk categories, the conversion formulas, or how exposure categories affect the calculation? Also note that for precise application, you should consult the actual code text and adopted maps, as I want to flag that specific figure numbering can vary between editions."
q007,claude-opus-4-8,numeric,"How is the ultimate design wind speed (Vult) for Risk Category II buildings determined under the 2023 Florida Building Code, Building?",16,1609.3,"# Ultimate Design Wind Speed (Vult) for Risk Category II Buildings

Under the **2023 Florida Building Code, Building (8th Edition)**, the ultimate design wind speed for Risk Category II buildings is determined as follows:

## Primary Method: Wind Speed Maps

The **basic (ultimate) design wind speed, Vult**, is obtained from the wind speed maps referenced in the code. For Risk Category II structures, you use the map corresponding to that specific risk category.

Key points on how this is determined:

1. **Figure references** â€“ The FBC references **ASCE 7-22** wind speed maps (adopted through Chapter 16, Structural Design). Risk Category II has its own dedicated map showing contour lines of wind speeds across geographic areas.

2. **Location-based** â€“ The value is found by locating your specific building site on the applicable map and reading the wind speed contour (in miles per hour). Florida has some of the highest values in the nation, particularly in:
   - **High-Velocity Hurricane Zones (HVHZ)** â€“ Miami-Dade and Broward counties
   - **Coastal areas** subject to hurricane exposure

3. **Interpolation** â€“ For sites located between contour lines, linear interpolation is permitted.

4. **Special wind regions** â€“ Certain areas may require additional analysis, and local jurisdictions may establish site-specific wind speeds where mountainous terrain, gorges, or other special conditions exist.

## Additional Considerations

- **Risk Category** is established per **FBC Table 1604.5** based on the nature of occupancy (Category II covers buildings not falling into Categories I, III, or IVâ€”essentially most standard buildings).
- The maps provide **strength design (ultimate)** wind speeds, associated with specific mean recurrence intervals (for Risk Category II, this corresponds to approximately a **700-year** return period / 7% probability of exceedance in 50 years).

## Verification Recommendation

Because wind provisions are heavily amended in Florida (especially for HVHZ), you should:
- Confirm the **exact figure/map number** in the current adopted edition
- Check for **local amendments** in your jurisdiction

Would you like details on a specific location, the HVHZ requirements, or how Vult is applied in subsequent design calculations?"
q009,claude-opus-4-8,numeric,"What Florida Building Code section governs foundation walls and retaining wall design for lateral soil loads, and where are the minimum design soil loads found?",18,1610,"I don't have reliable, section-specific citations memorized for the Florida Building Code that I can guarantee are accurate. Rather than risk giving you an incorrect section numberâ€”which matters a lot for code complianceâ€”let me point you in a useful direction.

## General guidance (based on how the code is typically structured)

The Florida Building Code (FBC) is based on the International Code family, so the structure is usually similar:

- **Foundation walls and retaining walls** are generally addressed in **Chapter 18 (Soils and Foundations)** of the **FBC â€“ Building**, and in the **residential context, Chapter 4 (Foundations) of the FBC â€“ Residential**.
- **Minimum lateral soil load (design lateral soil load) tables** are commonly found within that same foundations chapterâ€”in the IBC/IRC lineage this is often a table titled something like ""Design Lateral Soil Load,"" organized by soil classification (e.g., well-graded gravel, sandy silt, clay, etc.).

## Why I'm hedging

Section numbers and table numbers **do change between code editions** (e.g., 7th Edition (2020) vs. 8th Edition (2023)), and Florida sometimes renumbers or amends provisions relative to the base IBC/IRC. Giving you a specific number I'm not certain of could send you to the wrong place.

## How to confirm the exact citation

1. **Florida Building Code online (free):** The FBC is published at **codes.iccsafe.org** (search ""Florida Building Code""). You can search the term *""design lateral soil load""* directly.
2. **Verify which edition applies** to your project (the current adopted edition and effective date).
3. Look in the **Soils and Foundations** chapter for the retaining/foundation wall provisions and the associated soil load table.

If you tell me which **FBC edition and which volume** (Building vs. Residential) you're working with, I can try to help you reason through the structure more specificallyâ€”but please verify any section numbers against the official published code before relying on them."
q009,claude-opus-4-8,numeric,"What Florida Building Code section governs foundation walls and retaining wall design for lateral soil loads, and where are the minimum design soil loads found?",18,1610,"# Florida Building Code â€“ Foundation and Retaining Wall Lateral Soil Loads

## Important Caveat

I want to be upfront: I can point you toward the **general structure** of where this information typically lives in the code, but I'd strongly encourage you to **verify the exact section numbers** against the specific edition you're working with, because:

1. **Section numbers change between editions** (e.g., 2017, 2020, 2023 versions of the FBC)
2. There are **separate volumes** (Building vs. Residential)
3. I can't guarantee current section citations without risk of giving you a number that's slightly off

## General Guidance on Where to Look

**Florida Building Code, Building (FBC-B):**
- **Chapter 18 â€“ Soils and Foundations** is the primary chapter governing foundations and retaining structures.
- **Minimum design lateral soil loads** are typically presented in a table within Chapter 16 (Structural Design) â€” historically **Table 1610.1**, ""Soil Lateral Load,"" which lists design pressures (psf per foot of depth) by soil classification.

**Florida Building Code, Residential (FBC-R):**
- Foundation provisions fall under **Chapter 4 â€“ Foundations**, with foundation wall and lateral soil load tables located there.

## Recommended Verification Steps

- Check the **specific edition** stamped on your project or jurisdiction requirement.
- Access the official code text through the **Florida Building Commission** or the **ICC Digital Codes** platform (upcodes.com or codes.iccsafe.org also host FBC).
- Confirm with your **local building official** or the project **engineer/geotechnical report**, since site-specific soil data often governs over table minimums.

Would you like me to describe what the soil lateral load table generally contains (soil classes, design loads), or are you trying to locate a specific edition?"
q009,claude-opus-4-8,numeric,"What Florida Building Code section governs foundation walls and retaining wall design for lateral soil loads, and where are the minimum design soil loads found?",R404,1610,"I can provide general guidance on this, but I'd recommend verifying against the current code edition, as section numbers and specific provisions can change between code cycles.

## Foundation and Retaining Walls

In the **Florida Building Code, Residential (FBC-R)**, foundation walls are generally addressed in **Chapter 4 (Foundations)**, particularly:

- **Section R404** â€“ Foundation and Retaining Walls. This section covers concrete and masonry foundation wall design, including provisions for resisting lateral soil loads.

## Minimum Design Lateral Soil Loads

The minimum design lateral soil load values are typically found in:

- **Table R405.1** or referenced within **Chapter 4**, but the foundational table for lateral soil load values is commonly **Table R404.1 series** in the Residential code.

More specifically, minimum lateral soil load values (expressed in pounds per square foot per foot of depth) categorized by soil classification are often found in:

- **Table R404.1.1(1) through R404.1.1(4)** and related design tables, and
- The **design lateral soil load table**, which in the IRC/FBC-R is often cross-referenced.

## For Commercial (FBC-Building)

If you're working under the **Florida Building Code, Building** volume, look at:

- **Chapter 18 (Soils and Foundations)**
- **Section 1807** â€“ Foundation Walls, Retaining Walls, and Embedded Posts and Poles
- **Table 1610.1** â€“ Minimum design lateral soil loads (this is a key table you're likely asking about)

## Recommendation

Because you're asking a code-compliance question with specific liability implications, I'd strongly suggest:

1. **Confirming which code edition** applies to your project (e.g., 8th Edition 2023).
2. **Verifying exact section/table numbers** in the official code text, since I may not have the precise current numbering.

Would you like me to focus on the **Residential** or **Building** volume? That will help narrow down the exact citations."
q010,claude-opus-4-8,numeric,"What section of the 2023 Florida Building Code, Building, governs geotechnical investigations for foundation design?",18,1803,"I don't have reliable, specific knowledge about the exact section number in the 2023 Florida Building Code, Building that governs geotechnical investigations for foundation design, and I don't want to guess or make up a citation.

That said, I can offer some helpful context:

- In the **International Building Code (IBC)**, which Florida's code is based on, geotechnical and soils-related provisions for foundations are generally found in **Chapter 18 â€“ Soils and Foundations**. Within that chapter, sections addressing geotechnical/soils investigations are typically in the **Section 1803 (Geotechnical Investigations)** range.

- The Florida Building Code, Building often mirrors this structure, so Chapter 18 would be the logical place to look, with the investigation requirements likely around Section 1803.

**To get the exact, verified answer, I'd recommend:**
- Checking the official code text directly at the **Florida Building Commission's site** or the **UpCodes / ICC Digital Codes** platform, which host the 2023 Florida Building Code, Building.
- Searching for ""Chapter 18"" and ""geotechnical investigation"" in that document.

If you can tell me more about your use case (permitting, exam prep, design work), I can help you interpret the requirements once you've located the section."
q010,claude-opus-4-8,numeric,"What section of the 2023 Florida Building Code, Building, governs geotechnical investigations for foundation design?",18,1803,"I don't have reliable, specific knowledge of the exact section number in the 2023 Florida Building Code, Building that governs geotechnical investigations for foundation design, and I don't want to give you a citation that might be incorrect.

What I can tell you generally:

- In the **International Building Code (IBC)**, which Florida's code is based on, foundation and soil-related requirements are typically found in **Chapter 18 â€“ Soils and Foundations**. Geotechnical/soil investigation provisions are usually within that chapter (historically around Section 1803, ""Geotechnical Investigations"").

- The Florida Building Code often mirrors IBC chapter and section numbering, so Chapter 18 would be the most likely place to look, but Florida makes amendments, so the exact section could differ.

**My recommendation:** To get an accurate citation, consult the official code directly. The 2023 Florida Building Code, Building is available online through:
- The **Florida Building Commission / DBPR** website
- The **UpCodes** or **ICC Digital Codes** platforms, which let you search the specific edition

If you can tell me what you're trying to accomplish (e.g., a permit submission, a design report, a citation for a document), I can help you think through it or suggest how to verify the correct section."
q010,claude-opus-4-8,numeric,"What section of the 2023 Florida Building Code, Building, governs geotechnical investigations for foundation design?",18,1803,"I don't have reliable, specific knowledge of the exact section number in the 2023 Florida Building Code, Building that governs geotechnical investigations for foundation design, so I don't want to guess and give you an incorrect citation.

That said, I can offer some helpful context:

- In the **International Building Code (IBC)**, which the Florida Building Code is based on, geotechnical investigations and soils/foundation requirements are generally found in **Chapter 18 â€“ Soils and Foundations**. Section **1803** specifically addresses **""Geotechnical Investigations.""**

- The Florida Building Code typically mirrors the IBC's chapter and section numbering, so Chapter 18 / Section 1803 is a very likely locationâ€”but Florida does add state-specific amendments, so you should verify.

To get the authoritative answer, I'd recommend:
1. Checking the official Florida Building Code online (the state provides a searchable version through the **Florida Building Commission** / **UpCodes** or the **ICC** digital codes platform).
2. Looking directly at **Chapter 18** to confirm the section number and any Florida-specific amendments.

Would you like guidance on where to access the official code text?"
q011,claude-opus-4-8,numeric,"What section addresses grading and fill placement requirements in flood hazard areas under the 2023 FBC, Building?",16,1804.4,"I don't have reliable, specific knowledge of the exact section number in the 2023 Florida Building Code, Building that addresses grading and fill placement requirements in flood hazard areas. I don't want to give you a section citation that might be incorrect.

To find this accurately, I'd suggest a few approaches:

1. **Check Chapter 16 (Structural Design)** and the flood-related provisions, as flood hazard requirements are often addressed there, along with references to **ASCE 24** (Flood Resistant Design and Construction), which the FBC incorporates.

2. **Look at Appendix G (Flood-Resistant Construction)**, which commonly contains grading and fill provisions in model codes based on the International Building Code.

3. **Consult the code directly** through the Florida Building Commission's official website or the ICC (International Code Council) Digital Codes platform, which hosts the Florida codes and is searchable.

If you can tell me more about your context (permitting, design, plan review), I can help you think through what provisions likely apply, but I'd recommend verifying the exact section number against the official code text rather than relying on a number I might misstate."
q011,claude-opus-4-8,numeric,"What section addresses grading and fill placement requirements in flood hazard areas under the 2023 FBC, Building?",18,1804.4,"I don't have reliable, specific knowledge of the exact section number in the 2023 Florida Building Code, Building that addresses grading and fill placement requirements in flood hazard areas. I don't want to guess at a section number and give you incorrect information.

What I can tell you generally:

- Flood hazard area provisions in the Florida Building Code are typically found in **Section 1612** (Flood Loads), which references ASCE 24 (Flood Resistant Design and Construction).
- Requirements related to fill, grading, and site development in flood hazard areas often appear in **Chapter 18 (Soils and Foundations)** and may reference ASCE 24 as well.

To get the exact section, I'd recommend:

1. Checking the official code text through the **Florida Building Code online** (available via the Florida Building Commission / UpCodes / ICC Digital Codes).
2. Searching the code's index under ""flood hazard areas,"" ""fill,"" or ""grading.""

If you can tell me more about the context (e.g., whether this relates to foundations, site work, or a specific permitting question), I can help point you toward the right area more precisely."
q012,claude-opus-4-8,state_amendment,What Florida Building Code section governs construction seaward of the Coastal Construction Control Line (CCCL)?,16,3109,"The construction seaward of the Coastal Construction Control Line (CCCL) in Florida is primarily governed by **Section 3109** of the Florida Building Code, Building.

Specifically, **Section 3109 ""Structures Seaward of a Coastal Construction Control Line""** addresses the requirements for buildings and structures located seaward of the CCCL or the 50-foot setback line.

A few important points to keep in mind:

1. **Chapter 16 (Structural Design)** also contains relevant provisions, particularly regarding wind loads and structural requirements for coastal areas.

2. **Section 3109** references and works in conjunction with **Chapter 161 of the Florida Statutes** (the ""Beach and Shore Preservation Act""), which establishes the CCCL program administered by the **Florida Department of Environmental Protection (FDEP)**.

3. Construction seaward of the CCCL typically requires a **CCCL permit from FDEP** in addition to compliance with the building code.

4. These structures must be designed to resist specific loads associated with a **100-year storm event**, including wave loads, hydrostatic and hydrodynamic forces, and erosion.

Because building codes are periodically updated (editions are released every few years), I'd recommend **verifying the exact section number against the current edition** of the Florida Building Code that applies to your project, as section numbering can occasionally shift between editions. You may also want to consult directly with your local building department or FDEP for project-specific requirements."
q013,claude-opus-4-8,state_amendment,What Florida Building Code section requires elevation certification to be submitted for buildings in flood hazard areas after the foundation inspection?,1,110.3,"I don't have reliable, specific knowledge of the exact Florida Building Code section number that requires elevation certification to be submitted after the foundation inspection for buildings in flood hazard areas. I don't want to give you a section citation that might be incorrect, since citing the wrong code section could cause real problems for permitting or compliance.

What I can tell you generally:

- The Florida Building Code addresses flood-resistant construction primarily in **Section 1612** (Building volume) and references **ASCE 24** for flood-resistant design.
- Elevation certificate requirements are typically tied to the ""lowest floor"" elevation documentation, and inspections/documentation requirements often appear in the **administrative provisions** (the Building/Chapter 1 area) and in local floodplain management ordinances.
- The requirement for an elevation certificate at the ""under construction"" stage (after foundation/lowest floor is set) is frequently driven by **FEMA/NFIP** requirements and adopted local floodplain ordinances as much as by the FBC itself.

To get the precise, current section number, I'd recommend:

1. Checking the **Florida Building Code, Building** (current edition) directly at the official online code portal (codes.iccsafe.org or the Florida Building Commission site).
2. Consulting your **local building department or floodplain administrator**, since they enforce these requirements and can point to the exact citation.

If you can tell me which edition of the FBC you're working with (e.g., 7th Edition 2020, 8th Edition 2023), I can try to help narrow it down furtherâ€”but I'd still encourage verifying the section number against the official text."
q013,claude-opus-4-8,state_amendment,What Florida Building Code section requires elevation certification to be submitted for buildings in flood hazard areas after the foundation inspection?,1,110.3,"I don't have reliable, specific knowledge of the exact Florida Building Code section number that requires elevation certification submission after foundation inspection, and I don't want to give you a citation that might be incorrect.

What I can tell you generally:

- The Florida Building Code incorporates flood-resistant construction requirements, largely aligned with **ASCE 24** and the model **International Building Code (IBC)** and **International Residential Code (IRC)**.
- Elevation certification requirements typically appear in the **inspection provisions** of the code (often in Chapter 1 administrative provisions) and are tied to demonstrating that the lowest floor is elevated to or above the design flood elevation.
- The requirement to document elevation (often via a FEMA **Elevation Certificate**) after the lowest floor is set is commonly associated with the **""lowest floor elevation"" inspection** requirements.

To get the precise, current section number, I'd recommend:

1. **Checking the Florida Building Code directly** at the official source (the code is published online and searchable) â€” look in the **Building volume, Chapter 1 (Scope and Administration)** and the flood-related provisions.
2. **UpCodes or ICC Digital Codes**, which let you search the Florida Building Code by keyword like ""elevation certificate"" or ""flood.""
3. **Contacting your local building department or floodplain administrator**, who can point to the exact adopted section and edition (the numbering can shift between code editions like 2017, 2020, 2023).

If you tell me which **edition** of the Florida Building Code you're working with, I can help you narrow down where to look, but I'd rather not guess at a specific section number."
q013,claude-opus-4-8,state_amendment,What Florida Building Code section requires elevation certification to be submitted for buildings in flood hazard areas after the foundation inspection?,1,110.3,"I don't have reliable, specific knowledge of the exact Florida Building Code section number that addresses this requirement, and I don't want to give you a citation that might be incorrect.

What I can tell you generally:

- The Florida Building Code incorporates flood provisions largely based on ASCE 24 and coordinates with FEMA/NFIP requirements.
- Elevation certificates and documentation of the lowest floor elevation are commonly required, often after the foundation/lowest floor is set but before further vertical construction proceeds. This is sometimes tied to the ""elevation-in-place"" or foundation inspection stage.
- Relevant provisions are often found in the **Florida Building Code, Building** volume, within the flood-resistant construction sections (which reference ASCE 24), and in Chapter 1 administrative provisions dealing with inspections and required documentation.

To get the precise, current section number, I'd recommend:

1. **Consulting the official code directly** at the Florida Building Commission's site (floridabuilding.org), where you can search the code text.
2. **UpCodes or ICC's Digital Codes** platforms, which let you search the Florida Building Code by keyword like ""elevation certificate.""
3. **Contacting your local building department or floodplain administrator**, who can point you to the exact section and any local amendments.

If you tell me which edition (e.g., 8th Edition/2023) and which volume you're working from, I can help you reason about where to look, but I'd rather not fabricate a section number."
q015,claude-opus-4-8,jurisdiction_amendment,"Which Collier County code section governs flood variance requests, including variances from the flood-resistant construction requirements of the Florida Building Code?",1612,62-77,"I don't have reliable, specific knowledge of the exact Collier County code section number that governs flood variance requests. I don't want to guess at a section number, since citing an incorrect code provision could cause real problems if you're relying on it for a permit application, appeal, or legal matter.

Here's how you can find the accurate answer:

1. **Collier County Code of Ordinances** â€“ Flood damage prevention regulations are typically found within the county's floodplain management or flood damage prevention ordinance. You can search the codified ordinances at **Municode** (library.municode.com), which hosts Collier County's code.

2. **Collier County Growth Management Department / Floodplain Management** â€“ This office administers flood variances and can point you to the exact citation. They handle variances from flood-resistant construction standards.

3. **Florida Building Code cross-reference** â€“ Because you mentioned variances from the FBC's flood-resistant construction requirements, the relevant provision usually ties local floodplain ordinance language to FBC Section 1612 and the state floodplain management statutes.

For a definitive and current citation, I'd recommend calling Collier County's Floodplain Management/Growth Management Department directly, as ordinance section numbers can change with recodification.

Would you like help drafting a question to send to the county, or guidance on the general variance process under FEMA/NFIP standards (44 CFR 60.6), which local ordinances must follow?"
q022,claude-opus-4-8,numeric,"What is the minimum tread depth and maximum riser height for a residential stairway under the Florida Building Code, Residential?",R311.7,R311.7.5.1,"# Florida Building Code, Residential â€“ Stairway Requirements

Under the **Florida Building Code, Residential (FBC-R)**, Section R311.7 governs stairways. The standard requirements are:

## Riser Height
- **Maximum riser height: 7Â¾ inches (7.75"")**
- Measured vertically between leading edges of adjacent treads

## Tread Depth
- **Minimum tread depth: 10 inches (10"")**
- Measured horizontally between vertical planes of the foremost projection of adjacent treads

## Additional Notes
- The **greatest riser height** within any flight of stairs cannot exceed the smallest by more than **3/8 inch**.
- The **greatest tread depth** within any flight cannot exceed the smallest by more than **3/8 inch**.
- Winder treads have separate requirements (minimum tread depth of 10 inches measured at the walkline, with a minimum of 6 inches at any point).

---

**Important:** Code editions are periodically updated, and requirements can vary slightly between versions (e.g., 2020 vs. 2023 editions). Local jurisdictions may also have amendments. Always verify against the **current adopted edition** applicable to your project and confirm with your local building department before finalizing any design or construction.

Would you like details on other stairway requirements, such as headroom clearance, handrails, or landings?"
q022,claude-opus-4-8,numeric,"What is the minimum tread depth and maximum riser height for a residential stairway under the Florida Building Code, Residential?",R311.7,R311.7.5.1,"Under the **Florida Building Code, Residential (FBC-R)**, based on the International Residential Code (IRC), the requirements for residential stairways are:

## Stair Riser and Tread Requirements

**Maximum Riser Height:** 7Â¾ inches (7.75"")
- Measured vertically between the leading edges of adjacent treads
- The greatest riser height within any flight of stairs cannot exceed the smallest by more than â…œ inch

**Minimum Tread Depth:** 10 inches (10"")
- Measured horizontally between the vertical planes of the foremost projection of adjacent treads
- The greatest tread depth within any flight cannot exceed the smallest by more than â…œ inch

## Additional Related Requirements

- **Minimum stairway width:** 36 inches
- **Minimum headroom:** 6 feet 8 inches
- **Nosing:** Where solid risers are used, a nosing of Â¾ inch to 1Â¼ inch is generally required on stairways with tread depths less than 11 inches

## Important Notes

- These figures reference **FBC-R Section R311.7** (Stairways)
- Florida periodically updates its code editions, so always verify against the **current adopted edition** (the 8th Edition (2023) is the most recent as of this writing)
- Local jurisdictions may have amendments
- Requirements can differ for spiral stairs, winders, and other special configurations

**Recommendation:** For any permitted construction project, confirm the exact requirements with your local building department, as they administer and can clarify the currently enforced code edition and any local amendments."
q022,claude-opus-4-8,numeric,"What is the minimum tread depth and maximum riser height for a residential stairway under the Florida Building Code, Residential?",R311.7,R311.7.5.1,"# Florida Building Code, Residential - Stairway Requirements

Under the **Florida Building Code, Residential (FBC-R)**, Section R311.7, the requirements for residential stairways are:

## Tread Depth
- **Minimum tread depth: 10 inches** (measured horizontally between the vertical planes of the foremost projection of adjacent treads)

## Riser Height
- **Maximum riser height: 7Â¾ inches** (measured vertically between leading edges of adjacent treads)

## Additional Related Requirements
- **Uniformity:** The greatest tread depth and riser height within any flight of stairs cannot exceed the smallest by more than **â…œ inch**
- **Headroom:** Minimum **6 feet 8 inches** measured vertically from the sloped line adjoining the tread nosing
- **Stairway width:** Minimum **36 inches** above the permitted handrail height and below the required headroom height

---

**Note:** Building codes are periodically updated (the FBC follows editions such as the 2017, 2020, and 2023 versions). While these values have been consistent across recent editions, I recommend:
- Verifying against the **specific edition** applicable to your project
- Checking with your **local building department**, as jurisdictions may have amendments
- Consulting the actual code text for complete details and any exceptions

Would you like information on any other stairway components, such as handrails, guards, or landings?"
q025,claude-opus-4-8,numeric,"Under the 2023 FBC, what is the maximum encroachment allowed by a door into a required means-of-egress width when the door is fully open?",1010.1.1,1005.7.1,"# Door Encroachment into Means of Egress (2023 FBC)

Under the **2023 Florida Building Code (Building)**, the requirements for door encroachment into the means of egress width are as follows:

## Fully Open Position
When a door is in the **fully open position**, it shall **not project more than 7 inches (178 mm)** into the required width of an aisle, corridor, passageway, or stairway.

This requirement is found in **Section 1010.1.1 (Size of doors)** and the related egress width provisions in **Section 1005**.

## During the Course of Swing
Additionally, doors **when fully opened and during the course of their swing** shall not reduce the required width by more than **one-half** (Section 1005.7.1).

## Key Points to Remember
| Condition | Maximum Encroachment |
|-----------|---------------------|
| Door fully open | 7 inches (178 mm) |
| Door during swing | Not more than Â½ of required width |

**Note:** These provisions generally mirror the International Building Code (IBC) since the Florida Building Code is based on the IBC. For any specific project, always verify against the current adopted code edition and consult the local Authority Having Jurisdiction (AHJ), as amendments may apply.

Would you like details on any related egress width requirements or specific occupancy considerations?"
q025,claude-opus-4-8,numeric,"Under the 2023 FBC, what is the maximum encroachment allowed by a door into a required means-of-egress width when the door is fully open?",1005.7,1005.7.1,"# Door Encroachment into Egress Width (2023 FBC)

Under the **2023 Florida Building Code** (which follows the International Building Code), door encroachment into the required means of egress width is governed by **FBC Section 1005.7**.

## The Two Key Limits

**1. Fully Open Position (7 inches):**
When fully open, a door shall **not reduce the required width by more than 7 inches (178 mm)**.

**2. During Swing (One-Half / 50%):**
Doors in any position (while swinging/opening) shall **not reduce the required width to less than one-half (Â½)** of the required width.

## Summary

| Condition | Maximum Encroachment |
|-----------|---------------------|
| Door fully open | Not more than **7 inches** reduction |
| Door in motion (mid-swing) | Not more than **50%** reduction of required width |

So the direct answer to your question: **when a door is fully open, it may encroach into the required means-of-egress width by no more than 7 inches (178 mm).**

---

*Note: Always verify against the current adopted edition and any local amendments, as jurisdictions may modify or supplement the code. This is the standard IBC-based provision carried into the 2023 FBC.*"
q025,claude-opus-4-8,numeric,"Under the 2023 FBC, what is the maximum encroachment allowed by a door into a required means-of-egress width when the door is fully open?",1005.7,1005.7.1,"# Door Encroachment into Egress Width (2023 FBC)

Under the **2023 Florida Building Code (Building)**, referencing **Section 1005.7 â€“ Encroachment**, the requirements for doors encroaching into the required means of egress width are:

## Fully Open Door (Section 1005.7.1)
When **fully open**, doors shall **not project more than 7 inches** into the required egress width.

## During Swing (Section 1005.7.1)
Doors in **any position** shall **not reduce the required egress width by more than one-half** (during the course of the swing).

## Summary
| Door Condition | Maximum Encroachment |
|----------------|---------------------|
| Door fully open | **7 inches** into required width |
| Door in motion (mid-swing) | Cannot reduce required width by more than **1/2** |

---

**Note:** These provisions align with the *International Building Code (IBC)*, upon which the FBC is based. For any specific project, always verify against the current adopted code edition and any local amendments, as code sections can be updated. I'd recommend confirming the exact section reference in your official code copy.

Is there a specific egress configuration you're working with?"
q027,claude-opus-4-8,jurisdiction_amendment,Which administrative section of the Florida Building Code did Collier County amend to allow approved digital construction documents to be kept at the work site?,1,107.3.1,"I don't have specific information about Collier County's particular amendment to the Florida Building Code regarding digital construction documents at work sites, including the exact administrative section number that was amended.

The Florida Building Code allows local jurisdictions to make certain amendments, and provisions about construction documents being kept at the work site are typically found in the administrative chapter of the code. However, I cannot confirm the specific section reference for Collier County's amendment without risking giving you inaccurate information.

To get an accurate answer, I'd recommend:

1. **Contacting Collier County's Building Division** directly, as they can point you to the exact local amendment and section
2. **Checking the Collier County Code of Ordinances** or their administrative code amendments online
3. **Reviewing the Florida Building Code, Building** (the administrative provisions regarding construction documents are generally in Chapter 1)

If you have access to the specific ordinance or amendment document, I'd be happy to help you interpret it."
q027,claude-opus-4-8,jurisdiction_amendment,Which administrative section of the Florida Building Code did Collier County amend to allow approved digital construction documents to be kept at the work site?,1,107.3.1,"I don't have reliable, specific information about which exact administrative section of the Florida Building Code that Collier County amended to allow approved digital construction documents to be kept at the work site.

The Florida Building Code contains administrative provisions (often in Chapter 1 of the code, which covers administration and enforcement, including provisions about construction documents being available at the job site). Local jurisdictions like Collier County can adopt amendments to these administrative sections. However, I cannot confirm the precise section number for this specific amendment without risking giving you inaccurate information.

To get an accurate answer, I'd recommend:
- Contacting the **Collier County Growth Management Department / Building Review and Permitting Division** directly
- Checking the **Collier County Code of Ordinances** for local amendments to the Florida Building Code
- Reviewing the official Florida Building Code administrative chapter documentation

If you have a document or source in mind, feel free to share details and I can help interpret it."
q028,claude-opus-4-8,jurisdiction_amendment,To which Florida Building Code section did Collier County add local exemptions relating to permits for minor residential repairs and replacements?,1,105.2,"I don't have reliable, specific information about Collier County's local amendments to the Florida Building Code regarding permit exemptions for minor residential repairs and replacements, including the exact code section number.

To get an accurate answer, I'd recommend:

1. **Collier County Growth Management Department / Building Review and Permitting Division** â€“ they can point you to the specific local amendment and section reference.

2. **Municode or the county's code of ordinances** â€“ Collier County's local amendments to the Florida Building Code are typically codified in the county's Code of Laws and Ordinances.

3. **The Florida Building Code itself** â€“ local exemptions often relate to sections like the administrative provisions (Chapter 1) governing permits, but the specific section would need verification.

If you can tell me more about the context (such as a document you're referencing), I may be able to help interpret it, but I don't want to guess at a section number and risk giving you incorrect information."
q029,claude-opus-4-8,jurisdiction_amendment,Which prior ordinance did Collier County Ordinance 2023-64 repeal when it adopted the 2023 Florida Building Code?,2023-64,2020-48,"I don't have reliable, specific information about Collier County Ordinance 2023-64 or the particular prior ordinance it may have repealed when adopting the 2023 Florida Building Code.

To get an accurate answer, I'd recommend:

1. **Collier County's official website** or their Municipal Code library (often hosted on platforms like Municode)
2. **Contacting the Collier County Clerk's Office** or the Growth Management Department directly
3. **Reviewing the actual text of Ordinance 2023-64**, which would typically state in its ""repeal"" section exactly which prior ordinance(s) it supersedes

Ordinances adopting updated building codes commonly repeal the immediately preceding building code adoption ordinance, but I can't confirm the specific ordinance number for your case without risking giving you inaccurate information.

Would you like guidance on how to search Collier County's records for this document?"
q029,claude-opus-4-8,jurisdiction_amendment,Which prior ordinance did Collier County Ordinance 2023-64 repeal when it adopted the 2023 Florida Building Code?,2023-64,2020-48,"I don't have reliable, specific information about the exact contents of Collier County Ordinance 2023-64, including which prior ordinance it may have repealed when adopting the 2023 Florida Building Code.

To get an accurate answer, I'd recommend:

1. **Collier County's official website** or their municipal code database (often hosted through platforms like Municode or American Legal Publishing)
2. **The Collier County Clerk of Courts** office, which maintains official records
3. **The county's Growth Management/Building Department**, which handles building code adoption

The full text of the ordinance itself would typically contain a ""repeal"" section explicitly naming any prior ordinance being superseded.

I'd rather point you to these authoritative sources than guess at a specific ordinance number, since providing incorrect legal or regulatory information could cause problems for you."
q029,claude-opus-4-8,jurisdiction_amendment,Which prior ordinance did Collier County Ordinance 2023-64 repeal when it adopted the 2023 Florida Building Code?,2023-64,2020-48,"I don't have reliable, specific information about Collier County Ordinance 2023-64 or the particular prior ordinance it may have repealed. My knowledge doesn't include detailed records of individual county ordinances at this level of specificity, and I don't want to guess and risk giving you incorrect information about which ordinance was repealed.

To get an accurate answer, I'd recommend:

1. **Collier County's official website** or their **Municipal Code library** (often hosted through Municode or American Legal Publishing), where you can look up the full text of Ordinance 2023-64â€”the repealing clause is typically stated in the ordinance itself.

2. **Contacting the Collier County Clerk of Courts** or the **Growth Management/Building Department**, which handles building code adoptions.

3. Searching the ordinance directly, as the ""repealer"" section usually explicitly names the superseded ordinance.

If you have access to the text of Ordinance 2023-64, I'd be happy to help you interpret or summarize the relevant sections."
q030,claude-opus-4-8,jurisdiction_amendment,"Which section of Collier County's flood ordinance (Code of Ordinances Chapter 62, Floods) governs requirements for buildings and structures in flood hazard areas?",62,62-80,"I don't have reliable, specific knowledge of the exact section numbering within Collier County, Florida's Code of Ordinances Chapter 62 (Floods) that governs building and structure requirements in flood hazard areas. I don't want to guess at a section number, as citing an incorrect provision could mislead you.

To get an accurate answer, I'd recommend:

1. **Municode Library** â€“ Collier County's Code of Ordinances is typically hosted on Municode (library.municode.com), where you can browse or search Chapter 62 directly.

2. **Collier County government website** â€“ The Growth Management Department or Floodplain Management program often provides guidance and citations.

3. **Collier County Floodplain Coordinator** â€“ They can point you to the exact applicable section for your situation.

Generally speaking, floodplain ordinances that follow the model based on the Florida Building Code and FEMA/NFIP standards often place site-specific building/structure requirements (like elevation, flood-resistant construction, and manufactured home standards) in a dedicated article or division on ""flood hazard reduction"" or ""specific standards."" However, the precise section number for Collier County would need to be verified through the sources above.

Would you like help with how to navigate Municode to locate it?"
q030,claude-opus-4-8,jurisdiction_amendment,"Which section of Collier County's flood ordinance (Code of Ordinances Chapter 62, Floods) governs requirements for buildings and structures in flood hazard areas?",62,62-80,"I don't have reliable, specific knowledge of the exact section numbering within Collier County's Code of Ordinances Chapter 62 that governs building and structure requirements in flood hazard areas. I don't want to guess at a section number and risk giving you incorrect information.

To find this accurately, I'd recommend:

1. **Municode Library** (municode.com) â€” Collier County's Code of Ordinances is typically hosted there, and you can browse or search Chapter 62 directly.

2. **Collier County's official website** â€” Look for the Growth Management Department or Floodplain Management division.

3. **Collier County Floodplain Management program** â€” They can point you to the specific provisions, and many counties structure their flood ordinances around FEMA/NFIP model language, where building and structure requirements often appear under headings like ""Provisions for Flood Hazard Reduction"" or ""Specific Standards.""

If you can share the text or table of contents of Chapter 62, I'd be glad to help you identify the relevant section."
q030,claude-opus-4-8,jurisdiction_amendment,"Which section of Collier County's flood ordinance (Code of Ordinances Chapter 62, Floods) governs requirements for buildings and structures in flood hazard areas?",62,62-80,"I don't have reliable, specific knowledge of the exact section numbering within Collier County's Code of Ordinances Chapter 62 that governs building and structure requirements in flood hazard areas. Providing a specific section citation without being certain would risk giving you incorrect information that could matter for compliance purposes.

To get an accurate answer, I'd recommend:

1. **Municode Library** â€” Collier County's Code of Ordinances is typically hosted at library.municode.com, where you can search Chapter 62 directly.

2. **Collier County Growth Management / Building Review and Permitting Division** â€” They administer floodplain regulations and can point you to the correct provisions.

3. **The county floodplain management office** â€” They handle NFIP (National Flood Insurance Program) compliance and can identify the specific construction standards.

A few notes that may help your search:
- Florida communities typically incorporate the **Florida Building Code** flood provisions and reference **ASCE 24** for building requirements in flood hazard areas.
- Look for terms like ""construction standards,"" ""specific standards,"" or ""flood-resistant construction"" within the chapter.

If you can share the text of Chapter 62 or a link to it, I'd be glad to help you locate the relevant provisions."
q032,claude-opus-4-8,jurisdiction_amendment,Which Collier County Land Development Code section contains the dimensional standards table (Table 2.1) of minimum yard requirements for principal structures in base zoning districts?,2.03,4.02.01,"I don't have reliable, specific knowledge about the exact section number in the Collier County Land Development Code (LDC) that contains that particular dimensional standards table.

While Collier County's LDC does contain dimensional standards for zoning districts (typically found in the code's zoning district regulations, often in the range of Chapter 2 or Section 2.03 dealing with zoning districts and their standards), I cannot confirm the precise section citation for ""Table 2.1"" of minimum yard requirements without risking giving you inaccurate information.

To get the accurate, current citation, I'd recommend:

1. **Municode** â€“ Collier County's LDC is published on Municode's website, where you can search the code directly.
2. **Collier County Growth Management Department** â€“ They can direct you to current standards.
3. **The county's official LDC page** on colliercountyfl.gov.

Land development codes are also periodically amended, so section numbering can change, making it especially important to verify against the current official version."
q034,claude-opus-4-8,jurisdiction_amendment,"Which Collier County LDC section sets the specific standards for the location of accessory buildings and structures, such as pools and screen enclosures?",4,4.02.03,"I don't have reliable, specific knowledge of the exact section number in the Collier County Land Development Code (LDC) that governs the location standards for accessory buildings and structures like pools and screen enclosures. I don't want to guess a section number and risk giving you incorrect information.

That said, I can offer some helpful guidance:

**To find the correct section:**
- Accessory structure standards in the Collier County LDC are generally found within **Chapter 4 (Site Design and Development Standards)**, and setback/location tables for accessory uses and structures are often organized in a table format there.
- The LDC frequently references accessory structures in the context of ""Accessory Uses and Structures.""

**Best ways to get an authoritative answer:**
1. **Municode** â€“ The Collier County LDC is published online through Municode (municode.com). You can search terms like ""accessory structures,"" ""screen enclosure,"" or ""swimming pool setbacks.""
2. **Collier County Growth Management Department** â€“ They can direct you to the exact section and confirm current standards.
3. **Collier County Planning & Zoning** â€“ Staff can help interpret how the standards apply to your specific property and zoning district.

Because setback and location requirements vary by zoning district and can be amended, I'd strongly recommend verifying with the county directly or a licensed local land use professional before relying on this for a permit or project.

Would you like help with what questions to ask the county, or general information about how accessory structure setbacks typically work?"
q043,claude-opus-4-8,jurisdiction_amendment,"What is the maximum fine for violating the provisions of Collier County's building code ordinance, per Ordinance 2023-64?",2023-64,22-28,"I don't have specific information about the exact maximum fine amount stated in Collier County's Ordinance 2023-64. 

To get accurate information about this specific ordinance and its penalty provisions, I'd recommend:

1. **Contacting Collier County directly** - The County Manager's Office or the Growth Management/Building Review and Permitting Division
2. **Checking the Collier County official website** - They often post ordinances and municipal codes online
3. **Reviewing Municode** - Many Florida counties publish their codes of ordinances through municode.com
4. **Contacting the Collier County Clerk of Courts** - They maintain official records of ordinances

Fine amounts and penalty structures can vary and may be subject to amendments, so consulting the official current text of the ordinance would give you the most reliable answer. Is there anything else I can help you with regarding how to locate this information?"
q043,claude-opus-4-8,jurisdiction_amendment,"What is the maximum fine for violating the provisions of Collier County's building code ordinance, per Ordinance 2023-64?",2023-64,22-28,"I don't have specific information about the exact maximum fine amount in Collier County's Ordinance 2023-64. Local ordinance details like specific penalty amounts can vary and I'm not able to verify the precise figure from this particular ordinance.

To get accurate information, I'd recommend:

1. **Contacting Collier County directly** - The Collier County Growth Management Department or Code Enforcement Division would have authoritative information.

2. **Checking the Municipal Code** - Collier County's codes are often available through Municode (library.municode.com) or the county's official website.

3. **Reviewing the ordinance text directly** - The full text of Ordinance 2023-64 should specify penalty provisions.

Fines for building code violations often reference Florida Statutes (such as Chapter 162 regarding code enforcement) and may involve daily accruing penalties, but the specific maximum in this ordinance would need to be confirmed through official sources.

Is there anything else I can help you with regarding how to locate this information?"
q043,claude-opus-4-8,jurisdiction_amendment,"What is the maximum fine for violating the provisions of Collier County's building code ordinance, per Ordinance 2023-64?",2023-64,22-28,"I don't have specific information about the exact maximum fine amount in Collier County's Ordinance 2023-64. Local ordinance details like specific penalty amounts can vary and I don't have reliable data on this particular ordinance's provisions.

To get accurate information about the maximum fine for violating Collier County's building code under Ordinance 2023-64, I'd recommend:

1. **Contacting Collier County directly** - The Growth Management or Building Review and Permitting Department would have this information
2. **Visiting the Collier County official website** - They often post ordinances and code enforcement information online
3. **Checking Municode or the county's code library** - Many Florida counties publish their codes through services like Municode
4. **Contacting the County Clerk's office** - They maintain official records of adopted ordinances

If you have access to the text of the ordinance itself, I'd be happy to help you interpret specific provisions. Is there anything else I can help you with regarding this topic?"
